[
    {
        "id": 1,
        "offerName": "BONZA01",
        "offerDiscription": "Get Product Off Above Rs 600",
        "applicable": false
    },
    {
        "id": 3,
        "offerName": "FREEDOM",
        "offerDiscription": "Get Product Off Above Rs 200",
        "applicable": true
    },
    {
        "id": 2,
        "offerName": "BONZA02",
        "offerDiscription": "Get Product Off Above Rs 1200",
        "applicable": false
    },
    {
        "id": 4,
        "offerName": "BONAA03",
        "offerDiscription": "Get Product Off Above Rs 1200",
        "applicable": true
    }
]