[
    {
        "cakeName": "ALLOO TIKKI BURGER",
        "price": "100",
        "imgUrl": "https://pizzatoday.in/public/web/product/BURGER.png",
        "description": "Price is 1 kg",
        "foodType": "veg"
    },
    {
        "cakeName": "TANDOORI BURGER",
        "price": "150",
        "imgUrl": "https://pizzatoday.in/public/web/product/BURGER.png",
        "description": "Price is 1 kg",
        "foodType": "nonVeg"
    },
    {
        "cakeName": "MAXICAN BURGER",
        "price": "100",
        "imgUrl": "https://pizzatoday.in/public/web/product/BURGER.png",
        "description": "Price is 1 kg",
        "foodType": "nonVeg"
    },
    {
        "cakeName": "CHICKEN TANDOORI BURGER",
        "price": "140",
        "imgUrl": "https://pizzatoday.in/public/web/product/BURGER.png",
        "description": "Price is 1 kg",
        "foodType": "veg"
    },
    {
        "cakeName": "SEZWAN CHICKEN BURGER",
        "price": "200",
        "imgUrl": "https://pizzatoday.in/public/web/product/BURGER.png",
        "description": "Price is 1 kg",
        "foodType": "veg"
    },
    {
        "cakeName": "CHICKEN BURGER",
        "price": "110",
        "imgUrl": "https://pizzatoday.in/public/web/product/BURGER.png",
        "description": "Price is 1 kg",
        "foodType": "veg"
    }

]