[
    {
        "cakeName": "Pineapple cake",
        "price": "700",
        "imgUrl": "https://pizzatoday.in/public/web/product/737633-middle.png",
        "description": "Price is 1 kg",
        "foodType": "veg"
    },
    {
        "cakeName": "Pineapple cake",
        "price": "750",
        "imgUrl": "https://pizzatoday.in/public/web/product/WhatsApp_Image_2021-05-30_at_10.59.41_PM_(1).jpeg",
        "description": "Price is 1 kg",
        "foodType": "nonVeg"
    },
    {
        "cakeName": "Butter stoch",
        "price": "700",
        "imgUrl": "https://pizzatoday.in/public/web/product/WhatsApp_Image_2021-05-30_at_10.59.41_PM_(3).jpeg",
        "description": "Price is 1 kg",
        "foodType": "nonVeg"
    },
    {
        "cakeName": "black forest",
        "price": "700",
        "imgUrl": "https://pizzatoday.in/public/web/product/eggless-black-forest-500x500.png",
        "description": "Price is 1 kg",
        "foodType": "veg"
    },
    {
        "cakeName": "Choclate cake",
        "price": "700",
        "imgUrl": "https://pizzatoday.in/public/web/product/WhatsApp_Image_2021-05-30_at_11.01.31_PM_(1).jpeg",
        "description": "Price is 1 kg",
        "foodType": "veg"
    },
    {
        "cakeName": "VANILLA CAKE",
        "price": "700",
        "imgUrl": "https://pizzatoday.in/public/web/product/737633-middle.png",
        "description": "Price is 1 kg",
        "foodType": "veg"
    }

]