[
    {
        "cakeName": "FRENCH FRIES",
        "price": "129",
        "imgUrl": "https://pizzatoday.in/public/web/product/unnamed.png",
        "description": "Price is 1 kg",
        "foodType": "veg"
    },
    {
        "cakeName": "MASALA FRIES",
        "price": "700",
        "imgUrl": "https://pizzatoday.in/public/web/product/masala_fre1.png",
        "description": "Price is 1 kg",
        "foodType": "nonVeg"
    },
    {
        "cakeName": "WHITE PASTA",
        "price": "700",
        "imgUrl": "https://pizzatoday.in/public/web/product/side_pastaalfredo-img.png",
        "description": "Price is 1 kg",
        "foodType": "veg"
    },
    {
        "cakeName": "CHICKEN NUGETS",
        "price": "700",
        "imgUrl": "https://pizzatoday.in/public/web/product/DjY7QFdUUAEHnav.png",
        "description": "Price is 1 kg",
        "foodType": "nonVeg"
    },
    {
        "cakeName": "CHICKEN WINGS",
        "price": "700",
        "imgUrl": "https://pizzatoday.in/public/web/product/CHICKEN_WINGS_(1).png",
        "description": "Price is 1 kg",
        "foodType": "veg"
    },
    {
        "cakeName": "LAVA CAKE",
        "price": "700",
        "imgUrl": "https://pizzatoday.in/public/web/product/untitled.png",
        "description": "Price is 1 kg",
        "foodType": "veg"
    },
    {
        "cakeName": "COCA COLA",
        "price": "700",
        "imgUrl": "https://pizzatoday.in/public/web/product/coco22.png",
        "description": "Price is 1 kg",
        "foodType": "veg"
    },
    {
        "cakeName": "RED PASTA",
        "price": "750",
        "imgUrl": "https://pizzatoday.in/public/web/product/masala_fre1.png",
        "description": "Price is 1 kg",
        "foodType": "nonVeg"
    }
]