[
    {
      "name": "Banglore",
      "cityName": "Banglore",
      
      "areas": [
        "Mejestic",
        "YashwanthPur",
        "ElecronicCity",
        "Malleshwaram"
      ]
    },
    {
      "name": "Mumbai",
      "cityName": "Mumbai",
      
      "areas": [
        "Andheri",
        "Bandra",
        "Borivali",
        "Dahisar",
        "Goregaon",
        "Jogeshwari"
      ]
    },
    {
      "name": "Delhi",
      "cityName": "Delhi",
      "areas": [
        "Mehrauli",
        "Siri",
        "Tughlakabad",
        "Firozabad",
        "Shergarh",
        "Shahjehabanad"
      ]
    },
    {
      "cityName": "Kolkata",
      "name": "Kolkata",
      "areas": [
        "Alipore",
        "Carmac Street",
        "JL Nehru Road",
        "Kalighat",
        "Kasba",
        "Kona Expressway"
      ]
    },
    {
        "cityName": "Belaguam",
        "name": "Belaguam",
        "areas": [
          "Alipore",
          "Carmac Street",
          "JL Nehru Road",
          "Kalighat",
          "Kasba",
          "Kona Expressway"
        ]
      }
  ]