[
    {
        "id": "1",
        "toPerson": "Ajay V",
        "address": "Nawjeevan bihar sec 1 waidhan singrauli m.p. 486886",
        "phno": "874432343",
        "isSelected": true
    },
    {
        "id": "2",
        "address":"Nawjeevan bihar sec 1 waidhan singrauli m.p. 486886",
            "phno":"9742519103",
            "toPerson":"Gapal",
            "isSelected": false
    },
    {
        "id": "3",
        "address":"'Nawjeevan bihar sec 1 waidhan singrauli m.p. 486886",
        "phno":"'987737443",
        "toPerson":"Ajay V",
        "isSelected": false
    }
  ]