{
    "id": 159,
    "product_id": "13",
    "product_name": "CHICKEN BARBEQUE PIZZA",
    "image": "https://v2.pizzatoday.in/web/product/Peri-Peri-Paneer-Pizza111111111111.png",
    "category_id": 1,
    "default_price": 220,
    "default_crust_id": "1",
    "default_size_id": "M",
    "user_display": 1,
    "size": [
        {
            "id": 302,
            "size_id": "L",
            "price": 320
        },
        {
            "id": 301,
            "size_id": "M",
            "price": 220
        },
        {
            "id": 300,
            "size_id": "R",
            "price": 165
        }
    ],
    "crust": [
        {
            "id": 300,
            "size_id": "R",
            "crust_id": 1,
            "price": 165,
            "crust_name": "PAN"
        },
        {
            "id": 301,
            "size_id": "R",
            "crust_id": 1,
            "price": 170,
            "crust_name": "THIN PIZZA"
        },
        {
            "id": 302,
            "size_id": "R",
            "crust_id": 1,
            "price": 180,
            "crust_name": "CHEESE PIZZA"
        },
        {
            "id": 300,
            "size_id": "L",
            "crust_id": 1,
            "price": 320,
            "crust_name": "PAN"
        },
        {
            "id": 302,
            "size_id": "L",
            "crust_id": 1,
            "price": 360,
            "crust_name": "CHEESE PIZZA"
        },
        {
            "id": 300,
            "size_id": "M",
            "crust_id": 1,
            "price": 220,
            "crust_name": "PAN"
        },
        {
            "id": 301,
            "size_id": "M",
            "crust_id": 1,
            "price": 240,
            "crust_name": "THIN PIZZA"
        },
        {
            "id": 302,
            "size_id": "M",
            "crust_id": 1,
            "price": 260,
            "crust_name": "CHEESE PIZZA"
        }
    ]
}